{"stats":{"minecraft:picked_up":{"minecraft:spruce_log":3,"minecraft:dirt":18},"minecraft:mined":{"minecraft:grass_block":8,"minecraft:dirt":11,"minecraft:spruce_log":3},"minecraft:custom":{"minecraft:time_since_rest":20815,"minecraft:play_time":20815,"minecraft:sprint_one_cm":10465,"minecraft:damage_taken":30,"minecraft:walk_one_cm":4676,"minecraft:sneak_time":18,"minecraft:walk_under_water_one_cm":1560,"minecraft:jump":49,"minecraft:time_since_death":20815,"minecraft:walk_on_water_one_cm":2655,"minecraft:total_world_time":20815,"minecraft:swim_one_cm":5102,"minecraft:interact_with_crafting_table":1,"minecraft:fall_one_cm":1506,"minecraft:fly_one_cm":1674},"minecraft:used":{"minecraft:dirt":18,"minecraft:crafting_table":1,"alexsmobs:animal_dictionary":1,"minecraft:wooden_pickaxe":1},"minecraft:crafted":{"minecraft:crafting_table":1,"minecraft:spruce_planks":12,"minecraft:stick":4,"minecraft:wooden_pickaxe":1}},"DataVersion":3465}