{"stats":{"minecraft:picked_up":{"born_in_chaos_v1:corpse_maggot":2,"minecraft:crafting_table":1,"ecologics:coconut_slice":2,"minecraft:wither_rose":1,"ecologics:coconut_husk":1,"minecraft:spruce_log":15,"minecraft:dirt":30,"minecraft:spruce_planks":1,"iceandfire:frost_lily":1,"born_in_chaos_v1:gnawed_bones":1},"minecraft:mined":{"minecraft:spruce_planks":1,"minecraft:spruce_log":16,"minecraft:crafting_table":1,"supplementaries:globe":1,"minecraft:wither_rose":1,"minecraft:grass_block":15,"minecraft:dirt":16,"iceandfire:frost_lily":1},"minecraft:custom":{"minecraft:time_since_rest":6178,"minecraft:sprint_one_cm":88041,"minecraft:damage_taken":830,"minecraft:walk_one_cm":40856,"minecraft:damage_dealt":192,"minecraft:swim_one_cm":15495,"minecraft:interact_with_crafting_table":4,"minecraft:fly_one_cm":41974,"minecraft:open_chest":3,"minecraft:crouch_one_cm":2562,"minecraft:play_time":44815,"minecraft:deaths":3,"minecraft:sneak_time":866,"minecraft:walk_under_water_one_cm":11296,"minecraft:boat_one_cm":23365,"minecraft:jump":338,"minecraft:walk_on_water_one_cm":15148,"minecraft:time_since_death":6426,"minecraft:total_world_time":44815,"minecraft:fall_one_cm":6333},"minecraft:used":{"born_in_chaos_v1:corpse_maggot":2,"minecraft:spruce_planks":28,"minecraft:wooden_pickaxe":2,"born_in_chaos_v1:gnawed_bones":1,"ecologics:coconut_slice":3,"minecraft:dirt":18,"iceandfire:frost_lily":1,"minecraft:crafting_table":2,"alexsmobs:animal_dictionary":1,"minecraft:spruce_log":3},"minecraft:killed_by":{"iceandfire:ghost":2,"minecraft:zombie":1},"minecraft:crafted":{"minecraft:iron_boots":1,"minecraft:iron_chestplate":1,"minecraft:crafting_table":2,"minecraft:spruce_planks":48,"minecraft:stick":4,"minecraft:wooden_pickaxe":1}},"DataVersion":3465}