{"stats":{"minecraft:picked_up":{"born_in_chaos_v1:corpse_maggot":2,"minecraft:crafting_table":1,"minecraft:brown_mushroom":1,"earthmobsmod:fancy_egg":1,"minecraft:brown_bed":1,"minecraft:wither_rose":1,"minecraft:dirt":66,"minecraft:spruce_planks":1,"iceandfire:frost_lily":1,"minecraft:beef":9,"born_in_chaos_v1:gnawed_bones":1,"minecraft:iron_sword":1,"minecraft:oak_planks":4,"ecologics:coconut_slice":2,"minecraft:porkchop":1,"minecraft:jungle_planks":5,"ecologics:coconut_husk":1,"minecraft:spruce_log":15,"minecraft:dark_oak_planks":1,"minecraft:coal":13,"minecraft:cobblestone":20},"minecraft:mined":{"minecraft:spruce_planks":1,"minecraft:crafting_table":1,"minecraft:grass_block":24,"minecraft:jungle_planks":5,"luminousworld:grassvariant_2":1,"minecraft:spruce_leaves":5,"minecraft:oak_planks":4,"minecraft:large_fern":1,"minecraft:spruce_log":16,"born_in_chaos_v1:river_mint":1,"supplementaries:globe":1,"minecraft:wither_rose":1,"minecraft:brown_bed":1,"minecraft:grass":2,"minecraft:coal_ore":13,"minecraft:sand":1,"minecraft:dirt":45,"iceandfire:frost_lily":1,"minecraft:stone":17},"minecraft:dropped":{"minecraft:bread":2,"minecraft:iron_sword":1,"minecraft:apple":4,"minecraft:wither_rose":1},"minecraft:custom":{"minecraft:mob_kills":3,"minecraft:interact_with_crafting_table":8,"minecraft:leave_game":3,"minecraft:time_since_death":1467,"minecraft:sleep_in_bed":4,"minecraft:time_since_rest":320,"minecraft:sprint_one_cm":231552,"minecraft:damage_taken":1890,"minecraft:walk_one_cm":82625,"minecraft:drop":8,"minecraft:damage_dealt":441,"minecraft:swim_one_cm":41098,"minecraft:fly_one_cm":253003,"minecraft:open_chest":17,"minecraft:crouch_one_cm":4469,"minecraft:play_time":115912,"minecraft:deaths":6,"minecraft:sneak_time":2862,"minecraft:walk_under_water_one_cm":11412,"minecraft:boat_one_cm":31728,"minecraft:jump":1200,"minecraft:walk_on_water_one_cm":31028,"minecraft:total_world_time":115912,"minecraft:fall_one_cm":24909},"minecraft:killed":{"minecraft:pig":1,"earthmobsmod:cream_cow":2},"minecraft:used":{"minecraft:spruce_planks":28,"minecraft:wooden_pickaxe":35,"minecraft:iron_sword":11,"minecraft:torch":7,"iceandfire:frost_lily":1,"minecraft:dirt":59,"minecraft:crafting_table":5,"minecraft:jungle_planks":1,"minecraft:spruce_log":3,"born_in_chaos_v1:corpse_maggot":2,"minecraft:bread":3,"born_in_chaos_v1:gnawed_bones":1,"ecologics:coconut_slice":3,"minecraft:beef":7,"tombstone:gift":2,"alexsmobs:animal_dictionary":1},"minecraft:killed_by":{"iceandfire:ice_dragon":1,"minecraft:zombie":1,"iceandfire:ghost":2,"iceandfire:fire_dragon":2},"minecraft:crafted":{"minecraft:crafting_table":4,"minecraft:spruce_planks":48,"minecraft:wooden_pickaxe":1,"minecraft:iron_boots":2,"minecraft:iron_chestplate":1,"minecraft:stick":4,"minecraft:torch":8}},"DataVersion":3465}