{"stats":{"minecraft:picked_up":{"born_in_chaos_v1:corpse_maggot":2,"minecraft:crafting_table":1,"ecologics:coconut_slice":2,"earthmobsmod:fancy_egg":1,"minecraft:wither_rose":1,"ecologics:coconut_husk":1,"minecraft:spruce_log":15,"minecraft:dirt":59,"iceandfire:frost_lily":1,"minecraft:spruce_planks":1,"minecraft:beef":7,"born_in_chaos_v1:gnawed_bones":1,"minecraft:coal":13,"minecraft:cobblestone":20},"minecraft:mined":{"minecraft:spruce_planks":1,"minecraft:spruce_log":16,"born_in_chaos_v1:river_mint":1,"supplementaries:globe":1,"minecraft:crafting_table":1,"minecraft:wither_rose":1,"minecraft:grass":2,"minecraft:grass_block":22,"minecraft:coal_ore":13,"minecraft:dirt":45,"luminousworld:grassvariant_2":1,"iceandfire:frost_lily":1,"minecraft:stone":17},"minecraft:dropped":{"minecraft:wither_rose":1},"minecraft:custom":{"minecraft:time_since_rest":691,"minecraft:sprint_one_cm":131597,"minecraft:damage_taken":1266,"minecraft:walk_one_cm":59267,"minecraft:drop":1,"minecraft:damage_dealt":201,"minecraft:swim_one_cm":28139,"minecraft:interact_with_crafting_table":6,"minecraft:fly_one_cm":138316,"minecraft:open_chest":14,"minecraft:crouch_one_cm":3445,"minecraft:play_time":79912,"minecraft:deaths":4,"minecraft:sneak_time":1804,"minecraft:walk_under_water_one_cm":11391,"minecraft:boat_one_cm":31728,"minecraft:jump":680,"minecraft:leave_game":3,"minecraft:time_since_death":3090,"minecraft:walk_on_water_one_cm":22583,"minecraft:sleep_in_bed":1,"minecraft:total_world_time":79912,"minecraft:fall_one_cm":14869},"minecraft:used":{"born_in_chaos_v1:corpse_maggot":2,"minecraft:spruce_planks":28,"minecraft:wooden_pickaxe":35,"born_in_chaos_v1:gnawed_bones":1,"minecraft:torch":7,"ecologics:coconut_slice":3,"minecraft:dirt":50,"iceandfire:frost_lily":1,"minecraft:beef":7,"minecraft:crafting_table":3,"tombstone:gift":2,"alexsmobs:animal_dictionary":1,"minecraft:spruce_log":3},"minecraft:killed_by":{"iceandfire:ghost":2,"iceandfire:fire_dragon":1,"minecraft:zombie":1},"minecraft:crafted":{"minecraft:iron_boots":1,"minecraft:iron_chestplate":1,"minecraft:crafting_table":2,"minecraft:spruce_planks":48,"minecraft:stick":4,"minecraft:wooden_pickaxe":1,"minecraft:torch":8}},"DataVersion":3465}