{"stats":{"minecraft:picked_up":{"ecologics:coconut_slice":2,"iceandfire:frost_lily":1,"minecraft:spruce_planks":1,"minecraft:spruce_log":12,"minecraft:dirt":18},"minecraft:mined":{"minecraft:grass_block":8,"minecraft:spruce_planks":1,"minecraft:dirt":11,"iceandfire:frost_lily":1,"minecraft:spruce_log":12,"supplementaries:globe":1},"minecraft:custom":{"minecraft:open_chest":2,"minecraft:time_since_rest":6356,"minecraft:crouch_one_cm":416,"minecraft:play_time":32815,"minecraft:sprint_one_cm":39442,"minecraft:deaths":1,"minecraft:damage_taken":325,"minecraft:walk_one_cm":20860,"minecraft:sneak_time":143,"minecraft:walk_under_water_one_cm":9896,"minecraft:boat_one_cm":12348,"minecraft:jump":136,"minecraft:damage_dealt":10,"minecraft:time_since_death":8082,"minecraft:walk_on_water_one_cm":13348,"minecraft:total_world_time":32815,"minecraft:swim_one_cm":8577,"minecraft:interact_with_crafting_table":1,"minecraft:fall_one_cm":2876,"minecraft:fly_one_cm":19605},"minecraft:used":{"ecologics:coconut_slice":3,"iceandfire:frost_lily":1,"minecraft:dirt":18,"minecraft:crafting_table":1,"alexsmobs:animal_dictionary":1,"minecraft:spruce_planks":28,"minecraft:wooden_pickaxe":2,"minecraft:spruce_log":3},"minecraft:crafted":{"minecraft:crafting_table":1,"minecraft:spruce_planks":36,"minecraft:stick":4,"minecraft:wooden_pickaxe":1},"minecraft:killed_by":{"minecraft:zombie":1}},"DataVersion":3465}