{"stats":{"minecraft:picked_up":{"born_in_chaos_v1:corpse_maggot":2,"minecraft:crafting_table":1,"ecologics:coconut_slice":2,"earthmobsmod:fancy_egg":1,"minecraft:wither_rose":1,"minecraft:jungle_planks":5,"ecologics:coconut_husk":1,"minecraft:spruce_log":15,"minecraft:dirt":64,"iceandfire:frost_lily":1,"minecraft:spruce_planks":1,"minecraft:beef":7,"born_in_chaos_v1:gnawed_bones":1,"minecraft:oak_planks":4,"minecraft:iron_sword":1,"minecraft:coal":13,"minecraft:cobblestone":20},"minecraft:mined":{"minecraft:spruce_planks":1,"minecraft:spruce_log":16,"born_in_chaos_v1:river_mint":1,"supplementaries:globe":1,"minecraft:crafting_table":1,"minecraft:wither_rose":1,"minecraft:grass":2,"minecraft:grass_block":22,"minecraft:coal_ore":13,"minecraft:jungle_planks":5,"minecraft:dirt":45,"luminousworld:grassvariant_2":1,"iceandfire:frost_lily":1,"minecraft:stone":17,"minecraft:oak_planks":4},"minecraft:dropped":{"minecraft:bread":2,"minecraft:iron_sword":1,"minecraft:wither_rose":1,"minecraft:apple":4},"minecraft:custom":{"minecraft:time_since_rest":14379,"minecraft:sprint_one_cm":149583,"minecraft:damage_taken":1326,"minecraft:walk_one_cm":70472,"minecraft:drop":8,"minecraft:damage_dealt":201,"minecraft:swim_one_cm":28139,"minecraft:interact_with_crafting_table":8,"minecraft:fly_one_cm":147332,"minecraft:open_chest":17,"minecraft:crouch_one_cm":4348,"minecraft:play_time":103912,"minecraft:deaths":4,"minecraft:sneak_time":2830,"minecraft:walk_under_water_one_cm":11391,"minecraft:boat_one_cm":31728,"minecraft:jump":770,"minecraft:leave_game":3,"minecraft:time_since_death":27090,"minecraft:walk_on_water_one_cm":22583,"minecraft:sleep_in_bed":2,"minecraft:total_world_time":103912,"minecraft:fall_one_cm":16341},"minecraft:used":{"born_in_chaos_v1:corpse_maggot":2,"minecraft:bread":1,"minecraft:spruce_planks":28,"minecraft:wooden_pickaxe":35,"born_in_chaos_v1:gnawed_bones":1,"minecraft:torch":7,"ecologics:coconut_slice":3,"minecraft:dirt":59,"iceandfire:frost_lily":1,"minecraft:beef":7,"minecraft:crafting_table":5,"minecraft:jungle_planks":1,"tombstone:gift":2,"alexsmobs:animal_dictionary":1,"minecraft:spruce_log":3},"minecraft:killed_by":{"iceandfire:ghost":2,"iceandfire:fire_dragon":1,"minecraft:zombie":1},"minecraft:crafted":{"minecraft:iron_boots":2,"minecraft:iron_chestplate":1,"minecraft:crafting_table":4,"minecraft:spruce_planks":48,"minecraft:stick":4,"minecraft:wooden_pickaxe":1,"minecraft:torch":8}},"DataVersion":3465}