{"stats":{"minecraft:picked_up":{"luminousworld:groundpebbles_1":1,"born_in_chaos_v1:corpse_maggot":2,"minecraft:crafting_table":1,"minecraft:brown_mushroom":1,"earthmobsmod:fancy_egg":1,"minecraft:brown_bed":1,"minecraft:wither_rose":1,"minecraft:dirt":78,"minecraft:spruce_planks":1,"iceandfire:frost_lily":1,"minecraft:beef":9,"born_in_chaos_v1:gnawed_bones":1,"minecraft:iron_sword":1,"minecraft:oak_planks":4,"ecologics:coconut_slice":2,"minecraft:porkchop":1,"minecraft:jungle_planks":5,"ecologics:coconut_husk":1,"minecraft:spruce_log":15,"minecraft:dark_oak_planks":1,"minecraft:coal":13,"minecraft:cobblestone":20},"minecraft:mined":{"minecraft:spruce_planks":1,"minecraft:crafting_table":1,"minecraft:grass_block":35,"minecraft:jungle_planks":5,"luminousworld:grassvariant_2":4,"minecraft:spruce_leaves":5,"minecraft:oak_planks":4,"minecraft:large_fern":1,"minecraft:spruce_log":16,"born_in_chaos_v1:river_mint":1,"supplementaries:globe":1,"minecraft:wither_rose":1,"minecraft:brown_bed":1,"minecraft:grass":6,"minecraft:coal_ore":13,"minecraft:sand":1,"minecraft:dirt":46,"iceandfire:frost_lily":1,"minecraft:stone":17},"minecraft:dropped":{"minecraft:bread":2,"minecraft:iron_sword":1,"minecraft:apple":4,"minecraft:wither_rose":1},"minecraft:custom":{"minecraft:mob_kills":3,"minecraft:interact_with_crafting_table":8,"minecraft:leave_game":4,"minecraft:time_since_death":12475,"minecraft:sleep_in_bed":4,"minecraft:time_since_rest":11328,"minecraft:sprint_one_cm":238221,"minecraft:damage_taken":1910,"minecraft:walk_one_cm":85342,"minecraft:drop":8,"minecraft:damage_dealt":441,"minecraft:swim_one_cm":41358,"minecraft:fly_one_cm":266209,"minecraft:open_chest":17,"minecraft:crouch_one_cm":4469,"minecraft:play_time":126920,"minecraft:deaths":6,"minecraft:sneak_time":2862,"minecraft:walk_under_water_one_cm":11738,"minecraft:boat_one_cm":31728,"minecraft:jump":1260,"minecraft:walk_on_water_one_cm":31521,"minecraft:total_world_time":126920,"minecraft:fall_one_cm":25536},"minecraft:killed":{"minecraft:pig":1,"earthmobsmod:cream_cow":2},"minecraft:used":{"minecraft:spruce_planks":28,"minecraft:wooden_pickaxe":35,"minecraft:iron_sword":11,"luminousworld:groundpebbles_1":1,"minecraft:torch":7,"iceandfire:frost_lily":1,"minecraft:dirt":70,"minecraft:crafting_table":5,"minecraft:jungle_planks":1,"minecraft:spruce_log":3,"born_in_chaos_v1:corpse_maggot":2,"minecraft:bread":3,"born_in_chaos_v1:gnawed_bones":1,"ecologics:coconut_slice":3,"minecraft:beef":7,"tombstone:gift":2,"alexsmobs:animal_dictionary":1},"minecraft:killed_by":{"iceandfire:ice_dragon":1,"minecraft:zombie":1,"iceandfire:ghost":2,"iceandfire:fire_dragon":2},"minecraft:crafted":{"minecraft:crafting_table":4,"minecraft:spruce_planks":48,"minecraft:wooden_pickaxe":1,"minecraft:iron_boots":2,"minecraft:iron_chestplate":1,"minecraft:stick":4,"minecraft:torch":8}},"DataVersion":3465}