{"stats":{"minecraft:picked_up":{"minecraft:stick":1,"minecraft:crafting_table":2,"minecraft:salmon":3,"ecologics:coconut_slice":2,"minecraft:oak_log":5,"minecraft:spruce_sapling":1,"minecraft:spruce_log":1,"minecraft:dirt":16,"alexsmobs:raw_catfish":3,"minecraft:oak_boat":2,"minecraft:cobblestone":6},"minecraft:mined":{"luminousworld:grassvariant_4":1,"minecraft:spruce_log":1,"minecraft:crafting_table":2,"minecraft:grass_block":5,"minecraft:oak_log":5,"minecraft:dirt":10,"minecraft:spruce_leaves":3,"minecraft:stone":6},"minecraft:dropped":{"ecologics:coconut_husk":2},"minecraft:custom":{"minecraft:time_since_rest":435,"minecraft:sprint_one_cm":22604,"minecraft:damage_taken":330,"minecraft:walk_one_cm":50217,"minecraft:mob_kills":4,"minecraft:drop":2,"minecraft:damage_dealt":822,"minecraft:swim_one_cm":866,"minecraft:interact_with_crafting_table":3,"minecraft:fly_one_cm":34165,"minecraft:crouch_one_cm":1300,"minecraft:play_time":74577,"minecraft:deaths":1,"minecraft:sneak_time":678,"minecraft:walk_under_water_one_cm":9313,"minecraft:boat_one_cm":27244,"minecraft:damage_dealt_resisted":25,"minecraft:jump":393,"minecraft:time_since_death":1397,"minecraft:leave_game":6,"minecraft:walk_on_water_one_cm":16456,"minecraft:total_world_time":74577,"minecraft:fall_one_cm":6576},"minecraft:killed":{"alexsmobs:catfish":1,"minecraft:salmon":3},"minecraft:used":{"alexsmobs:raw_catfish":3,"minecraft:wooden_pickaxe":6,"minecraft:stone_axe":16,"ecologics:coconut_slice":2,"minecraft:salmon":3,"minecraft:dirt":16,"minecraft:crafting_table":2,"tombstone:gift":1,"alexsmobs:animal_dictionary":2,"minecraft:oak_boat":3,"minecraft:spruce_log":1},"minecraft:crafted":{"minecraft:oak_boat":1,"minecraft:oak_planks":20,"minecraft:crafting_table":1,"minecraft:stick":8,"minecraft:wooden_pickaxe":1,"minecraft:stone_pickaxe":1,"minecraft:stone_axe":1}},"DataVersion":3465}