{"stats":{"minecraft:picked_up":{"born_in_chaos_v1:corpse_maggot":5,"minecraft:stick":1,"minecraft:crafting_table":2,"minecraft:salmon":3,"ecologics:coconut_slice":2,"minecraft:brown_wool":2,"minecraft:leather":1,"minecraft:oak_log":5,"minecraft:spruce_sapling":1,"tombstone:grave_dust":2,"minecraft:spruce_log":1,"supplementaries:globe":1,"minecraft:dirt":17,"alexsmobs:raw_catfish":3,"minecraft:bone":1,"minecraft:rotten_flesh":1,"minecraft:spruce_planks":1,"minecraft:beef":3,"minecraft:oak_boat":6,"minecraft:cobblestone":6},"minecraft:mined":{"minecraft:large_fern":1,"minecraft:spruce_planks":1,"luminousworld:grassvariant_4":1,"minecraft:spruce_log":1,"minecraft:crafting_table":2,"minecraft:grass_block":6,"minecraft:oak_log":5,"minecraft:dirt":10,"minecraft:spruce_leaves":9,"minecraft:stone":6},"minecraft:dropped":{"ecologics:coconut_husk":2},"minecraft:custom":{"minecraft:time_since_rest":6717,"minecraft:sprint_one_cm":36060,"minecraft:damage_taken":790,"minecraft:walk_one_cm":81336,"minecraft:mob_kills":14,"minecraft:drop":2,"minecraft:damage_dealt":2253,"minecraft:swim_one_cm":866,"minecraft:interact_with_crafting_table":3,"minecraft:fly_one_cm":68756,"minecraft:open_chest":2,"minecraft:crouch_one_cm":4366,"minecraft:play_time":86577,"tombstone:undead_killed":4,"minecraft:deaths":2,"minecraft:sneak_time":1628,"minecraft:walk_under_water_one_cm":13533,"minecraft:boat_one_cm":57014,"minecraft:damage_dealt_resisted":25,"minecraft:jump":598,"minecraft:time_since_death":7424,"minecraft:leave_game":6,"minecraft:walk_on_water_one_cm":23926,"minecraft:total_world_time":86577,"minecraft:fall_one_cm":8463},"minecraft:killed":{"luminousworld:frostbitten_zombie":1,"alexsmobs:catfish":1,"minecraft:zombie":2,"born_in_chaos_v1:corpse_fly":3,"minecraft:salmon":3,"minecraft:spider":1,"undead_revamp2:sucker":1,"earthmobsmod:wooly_cow":2},"minecraft:used":{"alexsmobs:raw_catfish":3,"minecraft:spruce_planks":1,"minecraft:wooden_pickaxe":6,"minecraft:rotten_flesh":1,"supplementaries:globe":1,"minecraft:stone_axe":36,"ecologics:coconut_slice":2,"minecraft:salmon":3,"minecraft:dirt":17,"minecraft:beef":3,"minecraft:crafting_table":2,"tombstone:gift":1,"alexsmobs:animal_dictionary":2,"minecraft:oak_boat":6,"minecraft:spruce_log":1},"minecraft:killed_by":{"minecraft:skeleton":1},"minecraft:crafted":{"minecraft:oak_boat":1,"minecraft:oak_planks":20,"minecraft:crafting_table":1,"minecraft:stick":8,"minecraft:wooden_pickaxe":1,"minecraft:stone_pickaxe":1,"minecraft:stone_axe":1}},"DataVersion":3465}