{"stats":{"minecraft:picked_up":{"minecraft:spruce_log":1},"minecraft:mined":{"minecraft:spruce_log":1,"luminousworld:grassvariant_4":1},"minecraft:custom":{"minecraft:jump":192,"minecraft:time_since_rest":50577,"minecraft:damage_dealt":66,"minecraft:damage_taken":90,"minecraft:leave_game":6,"minecraft:crouch_one_cm":445,"minecraft:time_since_death":50577,"minecraft:play_time":50577,"minecraft:sprint_one_cm":17302,"minecraft:walk_on_water_one_cm":2094,"minecraft:walk_one_cm":15614,"minecraft:sneak_time":225,"minecraft:total_world_time":50577,"minecraft:walk_under_water_one_cm":288,"minecraft:fall_one_cm":5047,"minecraft:fly_one_cm":26908},"minecraft:used":{"alexsmobs:animal_dictionary":2,"minecraft:spruce_log":1}},"DataVersion":3465}