{"stats":{"minecraft:picked_up":{"born_in_chaos_v1:corpse_maggot":8,"minecraft:crafting_table":4,"born_in_chaos_v1:monster_flesh":1,"minecraft:salmon":3,"minecraft:brown_wool":3,"minecraft:leather":3,"minecraft:acacia_wood":6,"earthmobsmod:fancy_egg":1,"minecraft:brown_bed":3,"minecraft:wither_rose":1,"minecraft:oak_log":5,"minecraft:string":4,"minecraft:dirt":65,"supplementaries:globe":2,"born_in_chaos_v1:monster_skin":1,"minecraft:bone":4,"minecraft:acacia_planks":1,"minecraft:wheat_seeds":2,"minecraft:gold_nugget":62,"minecraft:spruce_planks":1,"minecraft:beef":10,"minecraft:oak_boat":9,"born_in_chaos_v1:gnawed_bones":1,"minecraft:sugar_cane":4,"minecraft:oak_planks":1,"minecraft:furnace":2,"minecraft:stick":1,"minecraft:sweet_berries":35,"ecologics:coconut_slice":4,"minecraft:torch":1,"minecraft:porkchop":11,"minecraft:sand":1,"minecraft:spruce_sapling":1,"tombstone:grave_dust":3,"minecraft:spruce_log":5,"minecraft:arrow":2,"alexsmobs:raw_catfish":6,"born_in_chaos_v1:fire_dust":4,"minecraft:rotten_flesh":10,"minecraft:spruce_boat":2,"minecraft:black_wool":1,"minecraft:mutton":6,"minecraft:coal":11,"minecraft:white_wool":3,"minecraft:cobblestone":64},"minecraft:mined":{"minecraft:spruce_planks":1,"luminousworld:grassvariant_4":1,"minecraft:crafting_table":4,"minecraft:grass_block":26,"luminousworld:grassvariant_2":2,"minecraft:tall_grass":1,"minecraft:cobblestone":3,"minecraft:spruce_leaves":10,"minecraft:large_fern":2,"minecraft:furnace":2,"minecraft:acacia_wood":6,"minecraft:fire":3,"minecraft:sweet_berry_bush":4,"minecraft:spruce_log":4,"supplementaries:globe":1,"minecraft:brown_bed":3,"minecraft:grass":8,"minecraft:oak_log":5,"minecraft:coal_ore":6,"minecraft:sand":1,"luminousworld:snowgrass":1,"minecraft:dirt":36,"luminousworld:grassvariant_3":1,"minecraft:cobweb":4,"minecraft:acacia_planks":1,"minecraft:stone":64},"minecraft:broken":{"minecraft:stone_axe":1},"minecraft:dropped":{"minecraft:iron_sword":1,"minecraft:wheat_seeds":2,"minecraft:cobblestone":1,"minecraft:oak_planks":1,"minecraft:dirt":1,"born_in_chaos_v1:gnawed_bones":1,"born_in_chaos_v1:monster_skin":1,"ecologics:coconut_husk":3,"minecraft:sand":1,"minecraft:beef":7},"minecraft:custom":{"minecraft:interact_with_furnace":7,"minecraft:mob_kills":47,"minecraft:interact_with_crafting_table":14,"minecraft:damage_dealt_resisted":204,"minecraft:leave_game":8,"minecraft:time_since_death":8776,"minecraft:sleep_in_bed":2,"minecraft:time_since_rest":2379,"minecraft:sprint_one_cm":209845,"minecraft:damage_taken":3028,"minecraft:walk_one_cm":226159,"minecraft:trigger_trapped_chest":2,"minecraft:drop":13,"minecraft:damage_dealt":7145,"minecraft:swim_one_cm":4959,"minecraft:fly_one_cm":571522,"minecraft:open_chest":38,"minecraft:crouch_one_cm":21805,"minecraft:play_time":163455,"tombstone:undead_killed":13,"minecraft:deaths":9,"minecraft:sneak_time":7397,"minecraft:walk_under_water_one_cm":21044,"minecraft:boat_one_cm":97433,"minecraft:jump":2401,"minecraft:walk_on_water_one_cm":31013,"minecraft:total_world_time":163455,"minecraft:fall_one_cm":49515},"minecraft:killed":{"luminousworld:frostbitten_zombie":1,"minecraft:pig":4,"minecraft:salmon":3,"undead_revamp2:the_moonflower":3,"minecraft:spider":1,"enemyexpansion:direwolf":1,"earthmobsmod:wooly_cow":3,"born_in_chaos_v1:maggot":1,"minecraft:sheep":4,"minecraft:skeleton":3,"alexsmobs:catfish":2,"minecraft:zombie":5,"born_in_chaos_v1:dread_hound":2,"born_in_chaos_v1:corpse_fly":5,"undead_revamp2:sucker":1,"born_in_chaos_v1:firelight_not_despawn":4,"minecraft:cow":4},"minecraft:used":{"alexsmobs:raw_catfish":6,"minecraft:cooked_mutton":3,"minecraft:stone_pickaxe":83,"minecraft:spruce_planks":1,"minecraft:wooden_pickaxe":6,"minecraft:iron_sword":18,"earthmobsmod:fancy_egg":1,"minecraft:rotten_flesh":1,"minecraft:salmon":3,"supplementaries:globe":2,"minecraft:torch":1,"minecraft:dirt":64,"minecraft:crafting_table":5,"minecraft:white_bed":1,"tombstone:tablet_of_home":5,"minecraft:spruce_log":1,"minecraft:spruce_boat":3,"quark:spruce_chest":1,"born_in_chaos_v1:monster_flesh":1,"ecologics:coconut_slice":3,"minecraft:stone_axe":143,"minecraft:cobblestone":38,"minecraft:beef":3,"minecraft:sweet_berries":37,"minecraft:porkchop":8,"minecraft:furnace":2,"tombstone:gift":4,"minecraft:oak_boat":10,"alexsmobs:animal_dictionary":2,"minecraft:acacia_planks":6,"minecraft:cobweb":4,"minecraft:brown_bed":4},"minecraft:killed_by":{"minecraft:skeleton":1,"iceandfire:ghost":1,"iceandfire:fire_dragon":6},"minecraft:crafted":{"minecraft:oak_planks":20,"minecraft:crafting_table":1,"minecraft:spruce_planks":16,"minecraft:wooden_pickaxe":1,"minecraft:furnace":2,"minecraft:brown_bed":1,"minecraft:stone_axe":2,"minecraft:cooked_mutton":3,"minecraft:air":0,"minecraft:oak_boat":1,"minecraft:white_wool":1,"minecraft:stick":8,"minecraft:stone_pickaxe":1,"minecraft:acacia_planks":24,"minecraft:white_bed":1,"minecraft:spruce_boat":1,"quark:spruce_chest":1}},"DataVersion":3465}