{"stats":{"minecraft:picked_up":{"born_in_chaos_v1:corpse_maggot":8,"minecraft:crafting_table":2,"born_in_chaos_v1:monster_flesh":1,"minecraft:salmon":3,"minecraft:leather":1,"minecraft:brown_wool":3,"minecraft:oak_log":5,"minecraft:dirt":17,"supplementaries:globe":1,"born_in_chaos_v1:monster_skin":1,"minecraft:bone":1,"minecraft:spruce_planks":1,"minecraft:beef":5,"minecraft:oak_boat":9,"born_in_chaos_v1:gnawed_bones":1,"minecraft:sugar_cane":4,"minecraft:stick":1,"minecraft:sweet_berries":35,"ecologics:coconut_slice":4,"minecraft:spruce_sapling":1,"tombstone:grave_dust":2,"minecraft:spruce_log":5,"alexsmobs:raw_catfish":3,"minecraft:rotten_flesh":2,"born_in_chaos_v1:fire_dust":1,"minecraft:black_wool":1,"minecraft:mutton":3,"minecraft:white_wool":1,"minecraft:cobblestone":6},"minecraft:mined":{"minecraft:spruce_planks":1,"luminousworld:grassvariant_4":1,"minecraft:crafting_table":2,"minecraft:grass_block":6,"minecraft:spruce_leaves":10,"minecraft:large_fern":1,"minecraft:sweet_berry_bush":4,"minecraft:spruce_log":4,"minecraft:oak_log":5,"luminousworld:snowgrass":1,"minecraft:dirt":10,"minecraft:stone":6},"minecraft:dropped":{"born_in_chaos_v1:gnawed_bones":1,"ecologics:coconut_husk":3},"minecraft:custom":{"minecraft:mob_kills":23,"minecraft:interact_with_crafting_table":5,"minecraft:damage_dealt_resisted":25,"minecraft:leave_game":6,"minecraft:time_since_death":9237,"minecraft:time_since_rest":8653,"minecraft:sprint_one_cm":76407,"minecraft:damage_taken":1170,"minecraft:walk_one_cm":117888,"minecraft:trigger_trapped_chest":2,"minecraft:drop":4,"minecraft:damage_dealt":3272,"minecraft:swim_one_cm":2695,"minecraft:fly_one_cm":154667,"minecraft:open_chest":2,"minecraft:crouch_one_cm":5560,"minecraft:play_time":98577,"tombstone:undead_killed":4,"minecraft:deaths":3,"minecraft:sneak_time":1902,"minecraft:walk_under_water_one_cm":15660,"minecraft:boat_one_cm":87647,"minecraft:jump":941,"minecraft:walk_on_water_one_cm":25939,"minecraft:total_world_time":98577,"minecraft:fall_one_cm":12283},"minecraft:killed":{"luminousworld:frostbitten_zombie":1,"minecraft:salmon":3,"minecraft:spider":1,"earthmobsmod:wooly_cow":3,"born_in_chaos_v1:maggot":1,"minecraft:sheep":2,"alexsmobs:catfish":1,"minecraft:zombie":2,"born_in_chaos_v1:dread_hound":2,"born_in_chaos_v1:corpse_fly":5,"undead_revamp2:sucker":1,"born_in_chaos_v1:firelight_not_despawn":1},"minecraft:used":{"alexsmobs:raw_catfish":3,"minecraft:spruce_planks":1,"minecraft:wooden_pickaxe":6,"minecraft:rotten_flesh":1,"minecraft:salmon":3,"supplementaries:globe":1,"minecraft:dirt":17,"minecraft:crafting_table":2,"minecraft:spruce_log":1,"born_in_chaos_v1:monster_flesh":1,"minecraft:stone_axe":59,"ecologics:coconut_slice":3,"minecraft:beef":3,"minecraft:sweet_berries":23,"minecraft:oak_boat":10,"tombstone:gift":2,"alexsmobs:animal_dictionary":2},"minecraft:killed_by":{"minecraft:skeleton":1,"iceandfire:ghost":1},"minecraft:crafted":{"minecraft:oak_planks":20,"minecraft:crafting_table":1,"minecraft:spruce_planks":16,"minecraft:wooden_pickaxe":1,"minecraft:stone_axe":1,"minecraft:oak_boat":1,"minecraft:stick":8,"minecraft:stone_pickaxe":1,"minecraft:spruce_boat":1}},"DataVersion":3465}