{"stats":{"minecraft:picked_up":{"minecraft:crafting_table":4,"minecraft:chicken":2,"minecraft:brown_mushroom":1,"minecraft:brown_bed":3,"earthmobsmod:fancy_egg":1,"minecraft:wither_rose":1,"minecraft:string":4,"supplementaries:globe":2,"minecraft:gold_nugget":62,"minecraft:spruce_planks":1,"minecraft:beef":22,"minecraft:cyan_wool":1,"minecraft:oak_boat":10,"born_in_chaos_v1:gnawed_bones":1,"minecraft:sugar_cane":4,"minecraft:furnace":2,"minecraft:stick":4,"iceandfire:dragonbone":2,"iceandfire:dragonscales_green":16,"ecologics:coconut_slice":4,"minecraft:torch":1,"minecraft:porkchop":15,"tombstone:grave_dust":3,"minecraft:dark_oak_planks":1,"minecraft:arrow":5,"minecraft:rotten_flesh":10,"iceandfire:fire_dragon_heart":1,"minecraft:mutton":7,"minecraft:white_wool":4,"minecraft:cobblestone":70,"born_in_chaos_v1:corpse_maggot":8,"minecraft:feather":3,"born_in_chaos_v1:monster_flesh":1,"minecraft:salmon":4,"minecraft:brown_wool":3,"minecraft:leather":11,"minecraft:acacia_wood":12,"minecraft:birch_planks":4,"minecraft:oak_log":5,"minecraft:dirt":65,"born_in_chaos_v1:monster_skin":1,"minecraft:bone":6,"minecraft:acacia_planks":1,"minecraft:apple":4,"minecraft:wheat_seeds":3,"iceandfire:fire_dragon_flesh":2,"minecraft:iron_sword":1,"minecraft:oak_planks":4,"minecraft:sweet_berries":50,"minecraft:jungle_planks":11,"minecraft:sand":1,"minecraft:spruce_sapling":1,"minecraft:white_bed":3,"minecraft:spruce_log":7,"minecraft:dark_prismarine":2,"minecraft:oak_wood":3,"alexsmobs:raw_catfish":6,"born_in_chaos_v1:fire_dust":4,"minecraft:spruce_boat":2,"minecraft:bread":2,"minecraft:black_wool":1,"minecraft:dark_oak_wood":6,"minecraft:coal":11},"minecraft:mined":{"luminousworld:white_petunias":1,"minecraft:dark_oak_planks":1,"minecraft:dark_prismarine":2,"minecraft:spruce_planks":1,"minecraft:white_bed":3,"luminousworld:grassvariant_4":1,"minecraft:grass_block":26,"minecraft:jungle_planks":11,"luminousworld:grassvariant_2":3,"minecraft:spruce_leaves":17,"minecraft:large_fern":2,"minecraft:furnace":2,"minecraft:fire":4,"minecraft:acacia_wood":12,"supplementaries:globe":1,"minecraft:brown_bed":3,"luminousworld:snowgrass":2,"minecraft:stone":72,"minecraft:crafting_table":4,"minecraft:dark_oak_wood":6,"minecraft:oak_wood":3,"minecraft:tall_grass":1,"minecraft:cobblestone":3,"minecraft:oak_planks":3,"minecraft:cyan_wool":2,"minecraft:birch_planks":4,"minecraft:sweet_berry_bush":4,"minecraft:spruce_log":6,"minecraft:grass":9,"minecraft:oak_log":5,"minecraft:coal_ore":6,"minecraft:sand":1,"minecraft:dirt":36,"luminousworld:grassvariant_3":1,"minecraft:cobweb":4,"minecraft:acacia_planks":1},"minecraft:broken":{"minecraft:stone_axe":2},"minecraft:dropped":{"minecraft:iron_sword":1,"minecraft:brown_mushroom":1,"minecraft:wheat_seeds":3,"iceandfire:dragonscales_green":16,"minecraft:cobblestone":1,"iceandfire:fire_dragon_flesh":2,"minecraft:stick":6,"minecraft:dirt":1,"born_in_chaos_v1:gnawed_bones":1,"born_in_chaos_v1:monster_skin":1,"minecraft:sand":1,"minecraft:dark_oak_planks":1,"minecraft:white_wool":1,"minecraft:spruce_sapling":2,"iceandfire:dragonbone":2,"minecraft:bone":5,"minecraft:oak_planks":3,"minecraft:spruce_planks":4,"ecologics:coconut_husk":3,"iceandfire:fire_dragon_heart":1,"minecraft:beef":12,"minecraft:dark_prismarine":1,"minecraft:black_wool":1},"minecraft:custom":{"minecraft:mob_kills":64,"minecraft:interact_with_crafting_table":16,"minecraft:damage_dealt_resisted":204,"minecraft:leave_game":11,"minecraft:time_since_death":8387,"minecraft:sprint_one_cm":318889,"minecraft:walk_one_cm":321335,"minecraft:drop":53,"minecraft:play_time":206941,"minecraft:deaths":22,"minecraft:sneak_time":14346,"minecraft:walk_under_water_one_cm":22896,"minecraft:boat_one_cm":115152,"minecraft:jump":3590,"minecraft:walk_on_water_one_cm":33985,"minecraft:total_world_time":206941,"minecraft:interact_with_furnace":7,"minecraft:sleep_in_bed":4,"minecraft:time_since_rest":7153,"minecraft:damage_taken":6783,"minecraft:trigger_trapped_chest":2,"minecraft:damage_dealt":11435,"minecraft:swim_one_cm":8297,"minecraft:fly_one_cm":939953,"minecraft:open_chest":40,"minecraft:crouch_one_cm":40099,"tombstone:undead_killed":16,"minecraft:fall_one_cm":73562},"minecraft:killed":{"luminousworld:frostbitten_zombie":1,"minecraft:spider":1,"enemyexpansion:direwolf":2,"born_in_chaos_v1:maggot":1,"minecraft:skeleton":6,"iceandfire:fire_dragon":1,"minecraft:chicken":2,"undead_revamp2:sucker":1,"born_in_chaos_v1:firelight_not_despawn":4,"earthmobsmod:albino_cow":4,"minecraft:pig":6,"minecraft:salmon":4,"undead_revamp2:the_moonflower":3,"earthmobsmod:cream_cow":2,"earthmobsmod:wooly_cow":3,"minecraft:sheep":5,"alexsmobs:catfish":2,"minecraft:zombie":5,"born_in_chaos_v1:dread_hound":2,"born_in_chaos_v1:corpse_fly":5,"minecraft:cow":4},"minecraft:used":{"minecraft:spruce_planks":6,"minecraft:iron_sword":94,"earthmobsmod:fancy_egg":1,"minecraft:rotten_flesh":1,"supplementaries:globe":2,"minecraft:torch":1,"minecraft:dirt":64,"minecraft:mutton":4,"minecraft:jungle_planks":11,"minecraft:cyan_wool":1,"minecraft:spruce_boat":3,"minecraft:dark_oak_planks":24,"quark:spruce_chest":1,"minecraft:beef":7,"minecraft:sweet_berries":42,"minecraft:furnace":2,"tombstone:gift":4,"minecraft:acacia_planks":43,"minecraft:brown_bed":4,"alexsmobs:raw_catfish":6,"minecraft:cooked_mutton":3,"minecraft:birch_planks":4,"minecraft:stone_pickaxe":94,"minecraft:oak_planks":13,"minecraft:wooden_pickaxe":6,"minecraft:salmon":4,"minecraft:crafting_table":6,"minecraft:white_bed":4,"tombstone:tablet_of_home":5,"minecraft:spruce_log":1,"minecraft:dark_prismarine":1,"minecraft:apple":2,"born_in_chaos_v1:monster_flesh":1,"minecraft:chicken":2,"minecraft:bread":2,"ecologics:coconut_slice":3,"minecraft:stone_axe":186,"minecraft:cobblestone":41,"minecraft:porkchop":15,"minecraft:oak_boat":11,"alexsmobs:animal_dictionary":2,"minecraft:cobweb":8},"minecraft:killed_by":{"minecraft:skeleton":1,"iceandfire:ghost":1,"born_in_chaos_v1:firelight_not_despawn":1,"iceandfire:fire_dragon":17},"minecraft:crafted":{"minecraft:oak_planks":32,"minecraft:furnace":2,"minecraft:cooked_mutton":3,"minecraft:stone_pickaxe":1,"minecraft:spruce_boat":1,"quark:spruce_chest":1,"minecraft:dark_oak_planks":24,"minecraft:crafting_table":2,"minecraft:spruce_planks":24,"minecraft:wooden_pickaxe":1,"minecraft:brown_bed":1,"minecraft:stone_axe":3,"minecraft:air":0,"minecraft:oak_boat":1,"minecraft:white_wool":1,"minecraft:stick":12,"minecraft:white_bed":1,"minecraft:acacia_planks":48}},"DataVersion":3465}