{"stats":{"minecraft:killed_by":{"enemyexpansion:slugger":1},"minecraft:custom":{"minecraft:jump":97,"minecraft:time_since_rest":1392,"minecraft:leave_game":1,"minecraft:damage_dealt":46,"minecraft:walk_on_water_one_cm":715,"minecraft:deaths":1,"minecraft:sprint_one_cm":8873,"minecraft:play_time":4155,"minecraft:damage_taken":380,"minecraft:time_since_death":1576,"minecraft:walk_one_cm":12417,"minecraft:total_world_time":4155,"minecraft:walk_under_water_one_cm":152,"minecraft:fall_one_cm":2985,"minecraft:fly_one_cm":26690},"minecraft:mined":{"minecraft:tall_grass":1}},"DataVersion":3465}