{"stats":{"minecraft:picked_up":{"minecraft:spruce_log":1},"minecraft:mined":{"minecraft:spruce_log":1,"luminousworld:grassvariant_4":1},"minecraft:custom":{"minecraft:jump":162,"minecraft:time_since_rest":20937,"minecraft:damage_dealt":57,"minecraft:damage_taken":90,"minecraft:leave_game":5,"minecraft:play_time":20937,"minecraft:sprint_one_cm":15628,"minecraft:time_since_death":20937,"minecraft:walk_on_water_one_cm":2094,"minecraft:walk_one_cm":13186,"minecraft:total_world_time":20937,"minecraft:walk_under_water_one_cm":288,"minecraft:fall_one_cm":4629,"minecraft:fly_one_cm":24015},"minecraft:used":{"alexsmobs:animal_dictionary":1,"minecraft:spruce_log":1}},"DataVersion":3465}