{"stats":{"minecraft:picked_up":{"minecraft:spruce_log":1,"minecraft:stick":1,"minecraft:spruce_sapling":1},"minecraft:mined":{"minecraft:spruce_leaves":2,"minecraft:spruce_log":1,"luminousworld:grassvariant_4":1},"minecraft:custom":{"minecraft:jump":274,"minecraft:time_since_rest":62577,"minecraft:damage_dealt":66,"minecraft:damage_taken":90,"minecraft:leave_game":6,"minecraft:crouch_one_cm":1006,"minecraft:time_since_death":62577,"minecraft:play_time":62577,"minecraft:sprint_one_cm":19080,"minecraft:walk_on_water_one_cm":2094,"minecraft:walk_one_cm":19292,"minecraft:sneak_time":546,"minecraft:total_world_time":62577,"minecraft:walk_under_water_one_cm":288,"minecraft:fall_one_cm":5256,"minecraft:fly_one_cm":29146},"minecraft:used":{"alexsmobs:animal_dictionary":2,"minecraft:spruce_log":1}},"DataVersion":3465}