{"stats":{"minecraft:used":{"alexsmobs:animal_dictionary":1,"minecraft:spruce_log":1},"minecraft:mined":{"minecraft:spruce_log":1,"minecraft:fern":1},"minecraft:picked_up":{"minecraft:spruce_log":1,"minecraft:wheat_seeds":1},"minecraft:custom":{"minecraft:jump":10,"minecraft:time_since_rest":2053,"minecraft:leave_game":1,"minecraft:sprint_one_cm":1581,"minecraft:play_time":2053,"minecraft:time_since_death":2053,"minecraft:walk_one_cm":3491,"minecraft:sneak_time":123,"minecraft:total_world_time":2053,"minecraft:fall_one_cm":209,"minecraft:fly_one_cm":709}},"DataVersion":3465}